ID,Isoline,genotype,genotype pooled 2,genotype pooled 1,genotype pooled,Gen,Block,F age,Body size,offspring,
1,Lew 13,SRSR,NA,0,1,8,1,3,1.6975,2,
2,Lew 13,SRSR,NA,0,1,8,1,3,1.619,18,
3,Lew 13,SRSR,NA,0,1,8,2,3,1.6585,0,
4,Lew 13,SRSR,NA,0,1,8,2,4,1.7165,23,
5,Lew 13,SRSR,NA,0,1,8,1,5,1.595,0,
6,Lew 13,SRSR,NA,0,1,8,3,4,1.6785,1,
7,Lew 13,SRSR,NA,0,1,8,5,3,1.6745,31,
8,Lew 13,SRSR,NA,0,1,8,2,4,1.5575,119,
9,Lew 13,SRSR,NA,0,1,8,2,4,1.6345,34,
10,Lew 13,SRSR,NA,0,1,8,2,4,1.511,54,
11,Lew 13,SRSR,NA,0,1,8,3,4,1.4955,13,
12,Lew 13,SRSR,NA,0,1,8,2,3,1.656,0,
13,NA,NA,NA,NA,NA,NA,NA,NA,NA,NA,
14,Lew 13,SRSR,NA,0,1,8,2,3,1.505,69,
15,Lew 13,SRSR,NA,0,1,8,3,4,1.664,20,
16,Lew 13,SRSR,NA,0,1,8,3,4,1.599,133,
17,Lew 13,SRSR,NA,0,1,8,3,4,1.6165,2,
18,Lew 13,SRSR,NA,0,1,8,3,4,1.5515,28,
19,Lew 13,SRSR,NA,0,1,8,3,4,1.662,58,
20,Lew 13,SRSR,NA,0,1,8,4,4,1.6845,22,
21,Lew 13,SRSR,NA,0,1,9,1,3,1.5755,0,
22,Lew 13,SRSR,NA,0,1,9,1,3,1.5615,40,
23,Lew 13,SRSR,NA,0,1,9,1,5,1.6715,97,
24,Lew 13,SRSR,NA,0,1,9,1,5,1.5135,88,
25,NA,NA,NA,NA,NA,NA,NA,NA,NA,NA,
26,Lew 13,SRSR,NA,0,1,9,2,4,1.6825,2,
27,Lew 13,SRSR,NA,0,1,9,2,5,1.69,40,
28,NA,NA,NA,NA,NA,NA,NA,NA,NA,NA,
29,Lew 13,SRSR,NA,0,1,9,2,4,1.5955,0,
30,Lew 13,SRSR,NA,0,1,9,2,4,1.6085,36,
31,Lew 13,SRSR,NA,0,1,9,2,5,1.6385,0,
32,Lew 13,SRSR,NA,0,1,9,2,3,1.5995,8,
33,Lew 13,SRSR,NA,0,1,9,2,4,1.559,50,
34,NA,NA,NA,NA,NA,NA,NA,NA,NA,NA,
35,Lew 13,SRSR,NA,0,1,9,3,5,1.554,41,
36,Lew 13,SRSR,NA,0,1,9,3,3,1.6205,0,
37,Lew 13,SRSR,NA,0,1,9,3,5,1.564,0,
38,Lew 13,SRSR,NA,0,1,9,3,4,1.5235,0,
39,Lew 13,SRSR,NA,0,1,9,3,4,1.5295,0,
40,Lew 13,SRSR,NA,0,1,9,3,3,1.561,0,
41,Lew 13,SRST,0,0,0,8,1,4,1.618,63,
42,Lew 13,SRST,0,0,0,8,1,4,1.5325,80,
43,Lew 13,SRST,0,0,0,8,1,4,1.689,63,
44,Lew 13,SRST,0,0,0,8,1,4,1.651,36,
45,Lew 13,SRST,0,0,0,8,1,4,1.65,106,
46,Lew 13,SRST,0,0,0,8,2,4,1.69,129,
47,Lew 13,SRST,0,0,0,8,2,4,1.653,12,
48,Lew 13,SRST,0,0,0,8,3,5,1.693,146,
49,Lew 13,SRST,0,0,0,8,1,5,1.743,45,
50,Lew 13,SRST,0,0,0,8,1,5,1.641,53,
51,NA,NA,NA,NA,NA,NA,NA,NA,NA,NA,
52,Lew 13,SRST,0,0,0,8,1,5,1.5895,19,
53,Lew 13,SRST,0,0,0,8,1,5,1.706,79,
54,Lew 13,SRST,0,0,0,8,2,4,NA,0,
55,Lew 13,SRST,0,0,0,8,2,4,1.6915,129,
56,Lew 13,SRST,0,0,0,8,2,3,1.596,192,
57,Lew 13,SRST,0,0,0,8,3,4,1.6835,101,
58,Lew 13,SRST,0,0,0,8,2,3,1.6645,0,
59,Lew 13,SRST,0,0,0,9,1,4,NA,152,
60,Lew 13,SRST,0,0,0,8,3,3,1.648,47,
61,Lew 13,SRST,0,0,0,9,1,4,1.645,171,
62,Lew 13,SRST,0,0,0,9,1,4,1.6795,39,
63,Lew 13,SRST,0,0,0,9,1,4,1.646,0,
64,Lew 13,SRST,0,0,0,9,1,4,1.5795,28,
65,Lew 13,SRST,0,0,0,9,1,4,1.6855,0,
66,Lew 13,SRST,0,0,0,9,1,4,1.685,57,
67,Lew 13,SRST,0,0,0,9,1,4,1.6165,89,
68,Lew 13,SRST,0,0,0,9,2,3,1.68,157,
69,Lew 13,SRST,0,0,0,9,1,4,NA,134,
70,Lew 13,SRST,0,0,0,9,1,3,1.6865,99,
71,Lew 13,SRST,0,0,0,9,1,4,1.6265,89,
72,Lew 13,SRST,0,0,0,9,1,4,1.5715,60,
73,Lew 13,SRST,0,0,0,9,2,3,1.729,109,
74,Lew 13,SRST,0,0,0,9,2,3,1.629,0,
75,Lew 13,SRST,0,0,0,9,3,4,1.6695,0,
76,Lew 13,SRST,0,0,0,9,3,4,1.6195,80,
77,Lew 13,SRST,0,0,0,9,3,4,1.7095,55,
78,Lew 13,SRST,0,0,0,9,3,4,1.632,85,
79,Lew 13,SRST,0,0,0,9,3,4,1.7385,136,
80,Lew 13,SRST,0,0,0,9,3,5,1.7025,0,
81,Lew 13,STST,1,1,0,NA,1,4,1.6005,75,
82,Lew 13,STST,1,1,0,NA,1,3,1.557,25,
83,Lew 13,STST,1,1,0,NA,1,4,1.651,53,
84,Lew 13,STST,1,1,0,NA,1,4,1.6305,19,
85,Lew 13,STST,1,1,0,NA,1,3,1.597,101,
86,Lew 13,STST,1,1,0,NA,1,4,1.6095,32,
87,Lew 13,STST,1,1,0,NA,1,4,1.65,36,
88,Lew 13,STST,1,1,0,NA,1,4,1.5625,2,
89,Lew 13,STST,1,1,0,NA,1,3,1.611,42,
90,Lew 13,STST,1,1,0,NA,1,4,1.557,60,
91,Lew 13,STST,1,1,0,NA,1,3,1.6645,86,
92,Lew 13,STST,1,1,0,NA,1,4,1.589,35,
93,Lew 13,STST,1,1,0,NA,1,3,1.623,123,
94,Lew 13,STST,1,1,0,NA,1,4,1.5625,13,
95,Lew 13,STST,1,1,0,NA,1,4,1.5935,33,
96,Lew 13,STST,1,1,0,NA,1,4,1.603,106,
97,Lew 13,STST,1,1,0,NA,1,3,1.5205,0,
98,Lew 13,STST,1,1,0,NA,1,3,1.629,47,
99,Lew 13,STST,1,1,0,NA,1,3,1.6295,74,
100,Lew 13,STST,1,1,0,NA,1,3,1.634,102,
101,Lew 13,STST,1,1,0,NA,2,4,1.642,39,
102,Lew 13,STST,1,1,0,NA,2,5,1.5815,0,
103,Lew 13,STST,1,1,0,NA,2,3,1.655,20,
104,Lew 13,STST,1,1,0,NA,2,5,1.6215,55,
105,Lew 13,STST,1,1,0,NA,2,4,1.5105,93,
106,Lew 13,STST,1,1,0,NA,2,4,1.6495,91,
107,Lew 13,STST,1,1,0,NA,2,4,1.5445,113,
108,Lew 13,STST,1,1,0,NA,2,3,1.509,41,
109,Lew 13,STST,1,1,0,NA,2,3,1.592,67,
110,Lew 13,STST,1,1,0,NA,2,5,1.658,97,
111,Lew 13,STST,1,1,0,NA,2,4,1.5075,70,
112,Lew 13,STST,1,1,0,NA,2,5,1.5925,119,
113,Lew 13,STST,1,1,0,NA,2,5,1.669,22,
114,NA,NA,NA,NA,NA,NA,NA,NA,NA,NA,
115,Lew 13,STST,1,1,0,NA,2,5,1.588,1,
116,Lew 13,STST,1,1,0,NA,2,5,1.5295,12,
117,Lew 13,STST,1,1,0,NA,3,4,1.583,111,
118,Lew 13,STST,1,1,0,NA,3,4,1.579,124,
119,Slo B7,SRSR,NA,0,0,7,1,4,NA,6,
120,Slo B7,SRSR,NA,0,0,7,1,4,NA,63,
121,Slo B7,SRSR,NA,0,0,7,2,4,NA,14,
122,Slo B7,SRSR,NA,0,0,7,1,4,NA,53,
123,Slo B7,SRSR,NA,0,0,7,2,4,NA,27,
124,Slo B7,SRSR,NA,0,0,7,2,4,NA,20,
125,Slo B7,SRSR,NA,0,0,7,2,5,NA,6,
126,Slo B7,SRSR,NA,0,0,7,3,4,NA,3,
127,Slo B7,SRSR,NA,0,0,7,2,3,NA,9,
128,Slo B7,SRSR,NA,0,0,7,2,3,NA,67,
129,Slo B7,SRSR,NA,0,0,7,2,3,NA,47,
130,Slo B7,SRSR,NA,0,0,7,2,3,NA,47,
131,Slo B7,SRSR,NA,0,0,7,3,4,NA,53,
132,Slo B7,SRSR,NA,0,0,7,3,4,NA,1,
133,Slo B7,SRSR,NA,0,0,7,3,4,NA,0,
134,Slo B7,SRSR,NA,0,0,7,3,4,NA,64,
135,Slo B7,SRSR,NA,0,0,7,3,4,NA,26,
136,Slo B7,SRSR,NA,0,0,7,3,5,NA,34,
137,Slo B7,SRSR,NA,0,0,7,3,5,NA,28,
138,Slo B7,SRSR,NA,0,0,7,1,4,NA,11,
139,Slo B7,SRSR,NA,0,0,7,3,3,NA,30,
140,Slo B7,SRSR,NA,0,0,7,3,3,NA,32,
141,Slo B7,SRSR,NA,0,0,7,3,3,NA,80,
142,Slo B7,SRSR,NA,0,0,7,3,3,NA,63,
143,Slo B7,SRSR,NA,0,0,7,4,3,1.6515,0,
144,Slo B7,SRSR,NA,0,0,7,4,3,1.626,33,
145,NA,NA,NA,NA,NA,NA,NA,NA,NA,NA,
146,Slo B7,SRSR,NA,0,0,7,4,3,1.6055,3,
147,Slo B7,SRSR,NA,0,0,7,4,3,1.586,0,
148,NA,NA,NA,NA,NA,NA,NA,NA,NA,NA,
149,Slo B7,SRSR,NA,0,0,7,4,3,1.5085,22,
150,Slo B7,SRSR,NA,0,0,7,4,3,1.58,0,
151,Slo B7,SRSR,NA,0,0,8,5,3,1.5385,0,
152,Slo B7,SRSR,NA,0,0,8,5,3,1.5525,1,
153,Slo B7,SRSR,NA,0,0,8,5,3,1.627,0,
154,Slo B7,SRSR,NA,0,0,8,6,4,1.6635,0,
155,Slo B7,SRSR,NA,0,0,8,6,4,1.493,0,
156,Slo B7,SRSR,NA,0,0,8,6,4,1.611,0,
157,Slo B7,SRSR,NA,0,0,8,6,4,1.557,0,
158,Slo B7,SRSR,NA,0,0,8,6,4,1.619,126,
159,Slo B7,SRST,0,0,1,7,1,4,NA,41,
160,Slo B7,SRST,0,0,1,7,1,4,NA,12,
161,Slo B7,SRST,0,0,1,7,1,3,NA,64,
162,Slo B7,SRST,0,0,1,7,1,4,NA,26,
163,Slo B7,SRST,0,0,1,7,1,4,NA,111,
164,Slo B7,SRST,0,0,1,7,2,4,NA,53,
165,Slo B7,SRST,0,0,1,7,2,3,NA,38,
166,Slo B7,SRST,0,0,1,7,3,3,NA,0,
167,Slo B7,SRST,0,0,1,7,1,4,NA,57,
168,Slo B7,SRST,0,0,1,7,1,5,NA,38,
169,Slo B7,SRST,0,0,1,7,1,5,1.718,73,
170,Slo B7,SRST,0,0,1,7,1,5,NA,34,
171,Slo B7,SRST,0,0,1,7,1,5,NA,56,
172,Slo B7,SRST,0,0,1,7,2,5,NA,0,
173,Slo B7,SRST,0,0,1,7,2,5,NA,5,
174,Slo B7,SRST,0,0,1,7,2,5,NA,52,
175,Slo B7,SRST,0,0,1,7,3,5,NA,54,
176,Slo B7,SRST,0,0,1,7,2,5,NA,37,
177,Slo B7,SRST,0,0,1,7,1,3,NA,24,
178,Slo B7,SRST,0,0,1,7,3,3,NA,26,
179,Slo B7,SRST,0,0,1,7,1,4,NA,57,
180,Slo B7,SRST,0,0,1,7,1,4,NA,57,
181,Slo B7,SRST,0,0,1,7,1,4,1.676,115,
182,Slo B7,SRST,0,0,1,7,1,4,NA,80,
183,NA,NA,NA,NA,NA,NA,NA,NA,NA,NA,
184,Slo B7,SRST,0,0,1,7,1,4,NA,26,
185,Slo B7,SRST,0,0,1,8,4,3,1.478,42,
186,Slo B7,SRST,0,0,1,8,5,5,1.736,150,
187,Slo B7,SRST,0,0,1,8,4,5,1.7085,6,
188,Slo B7,SRST,0,0,1,8,4,5,1.684,195,
189,Slo B7,SRST,0,0,1,8,4,5,1.6785,101,
190,Slo B7,SRST,0,0,1,8,4,5,1.6555,0,
191,Slo B7,SRST,0,0,1,8,5,5,1.5225,17,
192,Slo B7,SRST,0,0,1,8,5,3,1.6285,128,
193,Slo B7,SRST,0,0,1,8,6,3,1.6645,63,
194,Slo B7,SRST,0,0,1,8,6,3,1.699,75,
195,Slo B7,SRST,0,0,1,8,6,4,1.606,111,
196,Slo B7,SRST,0,0,1,8,6,3,1.6,2,
197,Slo B7,SRST,0,0,1,8,6,3,1.6435,88,
198,Slo B7,SRST,0,0,1,8,6,3,1.619,41,
199,Slo B7,STST,1,1,1,NA,1,4,1.458,40,
200,Slo B7,STST,1,1,1,NA,1,4,1.6275,138,
201,Slo B7,STST,1,1,1,NA,1,4,1.575,104,
202,Slo B7,STST,1,1,1,NA,1,4,1.566,104,
203,Slo B7,STST,1,1,1,NA,1,4,1.608,80,
204,Slo B7,STST,1,1,1,NA,1,4,1.579,84,
205,Slo B7,STST,1,1,1,NA,1,4,1.613,54,
206,Slo B7,STST,1,1,1,NA,1,4,1.574,77,
207,NA,NA,NA,NA,NA,NA,NA,NA,NA,NA,
208,Slo B7,STST,1,1,1,NA,1,4,1.538,79,
209,Slo B7,STST,1,1,1,NA,1,5,1.668,72,
210,Slo B7,STST,1,1,1,NA,1,5,1.617,70,
211,Slo B7,STST,1,1,1,NA,1,5,1.5375,105,
212,Slo B7,STST,1,1,1,NA,1,3,1.5735,0,
213,Slo B7,STST,1,1,1,NA,2,3,NA,79,
214,Slo B7,STST,1,1,1,NA,2,3,1.5055,94,
215,Slo B7,STST,1,1,1,NA,2,5,1.5415,109,
216,Slo B7,STST,1,1,1,NA,2,5,1.583,89,
217,Slo B7,STST,1,1,1,NA,2,5,1.519,99,
218,Slo B7,STST,1,1,1,NA,2,5,1.672,82,
219,Slo B7,STST,1,1,1,NA,2,5,1.672,58,
220,Slo B7,STST,1,1,1,NA,2,5,1.6565,61,
221,Slo B7,STST,1,1,1,NA,2,5,1.568,93,
222,Slo B7,STST,1,1,1,NA,2,4,1.4985,51,
223,Slo B7,STST,1,1,1,NA,2,4,1.557,58,
224,Slo B7,STST,1,1,1,NA,2,4,1.5255,16,
225,Slo B7,STST,1,1,1,NA,2,4,1.6,84,
226,Slo B7,STST,1,1,1,NA,2,4,1.3745,46,
227,Slo B7,STST,1,1,1,NA,2,4,1.6055,66,
228,Slo B7,STST,1,1,1,NA,2,5,1.4875,62,
229,Slo B7,STST,1,1,1,NA,2,5,1.553,25,
230,Slo B7,STST,1,1,1,NA,2,5,1.5575,81,
231,Slo B7,STST,1,1,1,NA,2,5,1.465,49,
232,Slo B7,STST,1,1,1,NA,2,3,1.5925,60,
233,Slo B7,STST,1,1,1,NA,2,3,1.466,74,
234,Slo B7,STST,1,1,1,NA,2,3,1.288,47,
235,Lew 17,SRSR,NA,0,0,7,1,5,1.411,27,
236,Lew 17,SRSR,NA,0,0,7,1,5,1.547,33,
237,Lew 17,SRSR,NA,0,0,7,1,5,1.628,14,
238,Lew 17,SRSR,NA,0,0,7,1,5,1.6125,34,
239,Lew 17,SRSR,NA,0,0,7,1,4,1.3585,0,
240,Lew 17,SRSR,NA,0,0,7,1,4,1.5685,50,
241,Lew 17,SRSR,NA,0,0,7,1,4,1.588,44,
242,NA,NA,NA,NA,NA,NA,NA,NA,NA,NA,
243,Lew 17,SRSR,NA,0,0,7,1,4,1.435,18,
244,Lew 17,SRSR,NA,0,0,7,1,4,1.4925,43,
245,NA,NA,NA,NA,NA,NA,NA,NA,NA,NA,
246,Lew 17,SRSR,NA,0,0,7,1,3,1.5455,30,
247,Lew 17,SRSR,NA,0,0,7,1,3,1.5525,0,
248,Lew 17,SRSR,NA,0,0,7,1,3,1.4735,10,
249,Lew 17,SRSR,NA,0,0,7,2,4,1.5535,63,
250,Lew 17,SRSR,NA,0,0,7,2,4,1.4725,69,
251,Lew 17,SRSR,NA,0,0,7,2,4,NA,37,
252,Lew 17,SRSR,NA,0,0,7,3,4,1.4835,49,
253,Lew 17,SRSR,NA,0,0,7,3,4,NA,34,
254,Lew 17,SRSR,NA,0,0,7,3,4,1.6445,112,
255,Lew 17,SRSR,NA,0,0,8,4,4,1.429,8,
256,Lew 17,SRSR,NA,0,0,8,4,4,1.542,36,
257,Lew 17,SRSR,NA,0,0,8,4,4,1.5405,23,
258,Lew 17,SRSR,NA,0,0,8,4,4,1.5495,16,
259,Lew 17,SRSR,NA,0,0,8,4,4,1.6005,13,
260,Lew 17,SRSR,NA,0,0,8,4,5,1.543,61,
261,Lew 17,SRSR,NA,0,0,8,4,4,1.5715,23,
262,Lew 17,SRSR,NA,0,0,8,4,4,1.4525,23,
263,Lew 17,SRSR,NA,0,0,8,4,4,1.516,59,
264,Lew 17,SRSR,NA,0,0,8,4,4,1.597,58,
265,NA,NA,NA,NA,NA,NA,NA,NA,NA,NA,
266,Lew 17,SRSR,NA,0,0,8,4,3,1.527,59,
267,Lew 17,SRSR,NA,0,0,8,4,4,NA,35,
268,Lew 17,SRSR,NA,0,0,8,4,4,1.474,15,
269,Lew 17,SRSR,NA,0,0,8,4,4,1.565,0,
270,Lew 17,SRSR,NA,0,0,8,4,3,NA,1,
271,Lew 17,SRSR,NA,0,0,8,4,3,1.5395,13,
272,Lew 17,SRSR,NA,0,0,8,4,4,1.4945,11,
273,Lew 17,SRSR,NA,0,0,8,4,4,1.5445,29,
274,Lew 17,SRSR,NA,0,0,8,4,4,1.485,41,
275,Lew 17,SRST,0,0,1,7,1,3,1.5215,21,
276,Lew 17,SRST,0,0,1,7,1,3,1.514,0,
277,Lew 17,SRST,0,0,1,7,1,3,1.6505,68,
278,Lew 17,SRST,0,0,1,7,2,4,1.648,125,
279,Lew 17,SRST,0,0,1,7,2,4,1.629,79,
280,Lew 17,SRST,0,0,1,7,2,4,NA,74,
281,Lew 17,SRST,0,0,1,7,2,4,1.447,187,
282,Lew 17,SRST,0,0,1,7,2,4,1.558,0,
283,Lew 17,SRST,0,0,1,7,2,4,1.617,16,
284,Lew 17,SRST,0,0,1,7,2,4,1.662,36,
285,Lew 17,SRST,0,0,1,7,2,4,1.5935,154,
286,Lew 17,SRST,0,0,1,7,2,4,1.592,106,
287,Lew 17,SRST,0,0,1,7,2,3,NA,12,
288,Lew 17,SRST,0,0,1,7,2,3,NA,163,
289,Lew 17,SRST,0,0,1,7,2,5,1.576,89,
290,Lew 17,SRST,0,0,1,7,3,4,1.62,21,
291,Lew 17,SRST,0,0,1,7,3,4,1.652,134,
292,Lew 17,SRST,0,0,1,7,3,4,1.641,7,
293,Lew 17,SRST,0,0,1,7,3,4,1.641,89,
294,Lew 17,SRST,0,0,1,7,3,4,1.669,36,
295,Lew 17,SRST,0,0,1,8,4,5,1.576,0,
296,Lew 17,SRST,0,0,1,8,4,4,1.644,11,
297,NA,NA,NA,NA,NA,NA,NA,NA,NA,NA,
298,Lew 17,SRST,0,0,1,8,4,4,1.542,20,
299,NA,NA,NA,NA,NA,NA,NA,NA,NA,NA,
300,Lew 17,SRST,0,0,1,8,4,4,1.611,60,
301,Lew 17,SRST,0,0,1,8,4,4,1.539,18,
302,Lew 17,SRST,0,0,1,8,4,4,1.519,64,
303,Lew 17,SRST,0,0,1,8,4,4,1.619,84,
304,Lew 17,SRST,0,0,1,8,4,4,1.503,52,
305,Lew 17,SRST,0,0,1,8,4,4,1.626,63,
306,Lew 17,SRST,0,0,1,8,4,5,1.614,67,
307,Lew 17,SRST,0,0,1,8,4,4,1.523,0,
308,Lew 17,SRST,0,0,1,8,4,4,1.565,35,
309,Lew 17,SRST,0,0,1,8,4,4,1.6015,54,
310,NA,NA,NA,NA,NA,NA,NA,NA,NA,NA,
311,Lew 17,SRST,0,0,1,8,4,4,1.609,76,
312,Lew 17,SRST,0,0,1,8,4,4,1.677,35,
313,Lew 17,SRST,0,0,1,8,4,4,1.651,0,
314,Lew 17,SRST,0,0,1,8,4,4,1.523,25,
315,Lew 17,STST,1,1,1,NA,1,4,1.5185,93,
316,Lew 17,STST,1,1,1,NA,1,4,1.422,68,
317,Lew 17,STST,1,1,1,NA,1,4,NA,81,
318,Lew 17,STST,1,1,1,NA,1,4,1.4475,5,
319,Lew 17,STST,1,1,1,NA,1,4,1.5115,49,
320,Lew 17,STST,1,1,1,NA,1,4,1.49,69,
321,Lew 17,STST,1,1,1,NA,1,4,1.3685,53,
322,Lew 17,STST,1,1,1,NA,1,4,1.453,44,
323,Lew 17,STST,1,1,1,NA,1,4,1.506,24,
324,Lew 17,STST,1,1,1,NA,1,4,1.53,46,
325,Lew 17,STST,1,1,1,NA,1,4,1.4465,60,
326,Lew 17,STST,1,1,1,NA,1,4,1.461,31,
327,Lew 17,STST,1,1,1,NA,1,3,1.2795,19,
328,Lew 17,STST,1,1,1,NA,1,3,1.4375,39,
329,Lew 17,STST,1,1,1,NA,1,3,1.423,0,
330,Lew 17,STST,1,1,1,NA,1,3,1.4745,69,
331,Lew 17,STST,1,1,1,NA,1,3,1.469,109,
332,Lew 17,STST,1,1,1,NA,1,3,1.4735,74,
333,Lew 17,STST,1,1,1,NA,2,4,1.5,43,
334,Lew 17,STST,1,1,1,NA,2,4,1.49,126,
335,Lew 17,STST,1,1,1,NA,2,3,1.306,24,
336,Lew 17,STST,1,1,1,NA,2,3,1.465,75,
337,Lew 17,STST,1,1,1,NA,2,5,1.3765,73,
338,Lew 17,STST,1,1,1,NA,2,5,1.373,42,
339,Lew 17,STST,1,1,1,NA,2,5,1.4675,18,
340,Lew 17,STST,1,1,1,NA,3,4,1.4965,61,
341,Lew 17,STST,1,1,1,NA,3,4,1.529,20,
342,Lew 17,STST,1,1,1,NA,3,4,1.264,55,
343,Lew 17,STST,1,1,1,NA,3,4,1.487,117,
344,Lew 17,STST,1,1,1,NA,3,4,1.4295,50,
345,Lew 17,STST,1,1,1,NA,3,4,1.4925,90,
346,Lew 17,STST,1,1,1,NA,3,4,1.5325,50,
347,Lew 17,STST,1,1,1,NA,3,4,1.535,40,
348,Lew 17,STST,1,1,1,NA,3,4,1.4395,52,
349,Lew 17,STST,1,1,1,NA,3,4,1.216,59,
350,Lew 17,STST,1,1,1,NA,3,4,1.518,44,
351,Lew 17,STST,1,1,1,NA,3,4,1.509,58,
352,Lew 17,STST,1,1,1,NA,3,3,1.587,149,
353,Lew 17,STST,1,1,1,NA,3,3,1.4045,27,
354,Lew 17,STST,1,1,1,NA,3,3,1.53,68,
355,Slo B3,SRSR,NA,0,0,7,1,4,1.473,3,
356,Slo B3,SRSR,NA,0,0,7,1,4,1.509,35,
357,Slo B3,SRSR,NA,0,0,7,2,5,1.573,42,
358,Slo B3,SRSR,NA,0,0,7,1,5,1.595,0,
359,Slo B3,SRSR,NA,0,0,7,2,5,1.412,37,
360,Slo B3,SRSR,NA,0,0,7,2,5,1.817,36,
361,NA,NA,NA,NA,NA,NA,NA,NA,NA,NA,
362,Slo B3,SRSR,NA,0,0,7,2,5,1.538,0,
363,Slo B3,SRSR,NA,0,0,7,2,5,1.671,3,
364,Slo B3,SRSR,NA,0,0,7,2,5,1.655,7,
365,Slo B3,SRSR,NA,0,0,7,2,5,1.675,124,
366,Slo B3,SRSR,NA,0,0,7,2,5,1.6205,0,
367,Slo B3,SRSR,NA,0,0,7,2,5,1.744,8,
368,Slo B3,SRSR,NA,0,0,7,2,5,1.603,2,
369,Slo B3,SRSR,NA,0,0,7,2,5,1.63,20,
370,NA,NA,NA,NA,NA,NA,NA,NA,NA,NA,
371,Slo B3,SRSR,NA,0,0,7,2,5,1.593,14,
372,Slo B3,SRSR,NA,0,0,7,2,4,1.518,9,
373,Slo B3,SRSR,NA,0,0,7,2,4,1.5485,14,
374,Slo B3,SRSR,NA,0,0,7,2,4,1.591,43,
375,Slo B3,SRSR,NA,0,0,8,3,4,1.5175,0,
376,Slo B3,SRSR,NA,0,0,8,3,4,1.6515,11,
377,Slo B3,SRSR,NA,0,0,8,3,3,1.558,0,
378,Slo B3,SRSR,NA,0,0,8,3,3,1.3735,17,
379,Slo B3,SRSR,NA,0,0,8,3,3,1.5965,0,
380,Slo B3,SRSR,NA,0,0,8,3,3,1.367,0,
381,Slo B3,SRSR,NA,0,0,8,3,5,1.527,0,
382,Slo B3,SRSR,NA,0,0,8,3,5,1.576,5,
383,NA,NA,NA,NA,NA,NA,NA,NA,NA,NA,
384,Slo B3,SRSR,NA,0,0,8,3,5,NA,36,
385,Slo B3,SRSR,NA,0,0,8,3,5,1.7,8,
386,Slo B3,SRSR,NA,0,0,8,3,5,1.4385,0,
387,NA,NA,NA,NA,NA,NA,NA,NA,NA,NA,
388,Slo B3,SRSR,NA,0,0,8,3,5,1.3995,6,
389,Slo B3,SRSR,NA,0,0,8,3,5,1.683,53,
390,Slo B3,SRST,0,0,1,7,1,4,1.6135,43,
391,Slo B3,SRST,0,0,1,7,1,4,1.59,0,
392,Slo B3,SRST,0,0,1,7,1,4,1.6975,55,
393,Slo B3,SRST,0,0,1,7,1,4,1.617,97,
394,Slo B3,SRST,0,0,1,7,1,4,1.561,53,
395,Slo B3,SRST,0,0,1,7,1,4,1.676,0,
396,Slo B3,SRST,0,0,1,7,2,4,1.6615,54,
397,Slo B3,SRST,0,0,1,7,2,4,1.6605,53,
398,NA,NA,NA,NA,NA,NA,NA,NA,NA,NA,
399,Slo B3,SRST,0,0,1,7,2,5,1.647,55,
400,Slo B3,SRST,0,0,1,7,2,5,1.593,47,
401,Slo B3,SRST,0,0,1,7,2,5,1.6085,39,
402,Slo B3,SRST,0,0,1,7,3,5,1.6095,71,
403,Slo B3,SRST,0,0,1,7,3,5,1.6205,59,
404,Slo B3,SRST,0,0,1,7,3,5,1.581,119,
405,Slo B3,SRST,0,0,1,7,3,5,1.602,75,
406,Slo B3,SRST,0,0,1,7,3,5,1.655,81,
407,Slo B3,SRST,0,0,1,7,3,5,1.531,57,
408,Slo B3,SRST,0,0,1,7,3,5,1.597,88,
409,Slo B3,SRST,0,0,1,7,3,5,1.669,0,
410,Slo B3,SRST,0,0,1,8,4,4,1.6215,38,
411,Slo B3,SRST,0,0,1,8,4,3,1.647,45,
412,Slo B3,SRST,0,0,1,8,4,5,NA,60,
413,NA,NA,0,NA,NA,NA,NA,NA,NA,NA,
414,Slo B3,SRST,0,0,1,8,4,5,1.6315,65,
415,Slo B3,SRST,0,0,1,8,4,5,1.5955,47,
416,Slo B3,SRST,0,0,1,8,4,5,1.696,59,
417,Slo B3,SRST,0,0,1,8,4,5,NA,46,
418,Slo B3,SRST,0,0,1,8,4,5,1.574,0,
419,Slo B3,SRST,0,0,1,8,4,5,1.578,42,
420,Slo B3,SRST,0,0,1,8,4,5,1.673,17,
421,Slo B3,SRST,0,0,1,8,4,5,1.612,0,
422,NA,NA,NA,NA,NA,NA,NA,NA,NA,NA,
423,Slo B3,SRST,0,0,1,8,4,5,1.648,57,
424,Slo B3,STST,1,1,1,NA,1,4,NA,74,
425,Slo B3,STST,1,1,1,NA,1,4,NA,73,
426,Slo B3,STST,1,1,1,NA,1,4,NA,14,
427,Slo B3,STST,1,1,1,NA,1,4,NA,61,
428,Slo B3,STST,1,1,1,NA,1,4,NA,76,
429,Slo B3,STST,1,1,1,NA,1,4,NA,103,
430,Slo B3,STST,1,1,1,NA,1,4,NA,56,
431,Slo B3,STST,1,1,1,NA,1,4,NA,80,
432,Slo B3,STST,1,1,1,NA,1,4,NA,65,
433,Slo B3,STST,1,1,1,NA,1,4,NA,92,
434,Slo B3,STST,1,1,1,NA,1,4,NA,118,
435,Slo B3,STST,1,1,1,NA,1,4,NA,89,
436,Slo B3,STST,1,1,1,NA,1,4,NA,138,
437,Slo B3,STST,1,1,1,NA,1,4,NA,77,
438,Slo B3,STST,1,1,1,NA,1,4,NA,54,
439,Slo B3,STST,1,1,1,NA,1,4,NA,62,
440,Slo B3,STST,1,1,1,NA,1,4,NA,61,
441,Slo B3,STST,1,1,1,NA,1,3,NA,43,
442,Slo B3,STST,1,1,1,NA,1,3,NA,43,
443,Slo B3,STST,1,1,1,NA,1,3,NA,63,
444,Slo B3,STST,1,1,1,NA,1,3,NA,95,
445,Slo B3,STST,1,1,1,NA,1,3,NA,68,
446,Slo B3,STST,1,1,1,NA,1,3,NA,119,
447,Slo B3,STST,1,1,1,NA,1,3,NA,32,
448,Slo B3,STST,1,1,1,NA,1,3,NA,142,
449,Slo B3,STST,1,1,1,NA,1,3,NA,98,
450,Slo B3,STST,1,1,1,NA,1,3,NA,85,
451,Slo B3,STST,1,1,1,NA,1,3,NA,109,
452,Slo B3,STST,1,1,1,NA,1,3,NA,55,
453,Slo B3,STST,1,1,1,NA,1,5,NA,77,
454,Slo B3,STST,1,1,1,NA,1,5,NA,49,
455,Slo B3,STST,1,1,1,NA,1,5,NA,0,
456,Slo B3,STST,1,1,1,NA,1,5,NA,134,
457,Slo B3,STST,1,1,1,NA,1,5,NA,136,
458,Slo B3,STST,1,1,1,NA,1,5,NA,8,
459,Slo B3,STST,1,1,1,NA,1,5,NA,99,
460,Slo B3,STST,1,1,1,NA,1,5,NA,27,
461,Slo B3,STST,1,1,1,NA,1,5,NA,118,
462,Slo B3,STST,1,1,1,NA,1,5,NA,73,
463,Slo B3,STST,1,1,1,NA,1,5,NA,101,
